Episode,Total Reward,Average Loss,Epsilon
0,-2.0099999606609344,3.1316717057146803,0.95
1,-1.6799999475479126,0.23049627476320017,0.9495501124812523
2,4.650000065565109,0.2035418763464185,0.9491004498500375
3,-3.0,0.20929973073784383,0.9486510119939398
